author,created_at,followers,following,verified,verified_type,followers_impact,ffproportion
331658004,2011-07-08 14:32:54+00:00,79471,9252,False,none,0.0005131372558122587,0.8957203881744306
465973,2007-01-02 19:22:19+00:00,391183,40,True,blue,0.002525834218021754,0.9998977565224948
15798091,2008-08-10 14:04:20+00:00,115275,2260,True,blue,0.0007443205340785712,0.980771685029991
465973,2007-01-02 19:22:19+00:00,391183,40,True,blue,0.002525834218021754,0.9998977565224948
144301368,2010-05-15 22:24:54+00:00,2257,2333,False,none,1.457325044819202e-05,0.4917211328976035
331658004,2011-07-08 14:32:54+00:00,79471,9252,False,none,0.0005131372558122587,0.8957203881744306
465973,2007-01-02 19:22:19+00:00,391182,40,True,blue,0.0025258277611097256,0.999897756261151
15798091,2008-08-10 14:04:20+00:00,115275,2260,True,blue,0.0007443205340785712,0.980771685029991
465973,2007-01-02 19:22:19+00:00,391182,40,True,blue,0.0025258277611097256,0.999897756261151
144301368,2010-05-15 22:24:54+00:00,2257,2333,False,none,1.457325044819202e-05,0.4917211328976035
5867842,NaN,NaN,NaN,NaN,NaN,NaN,NaN
16525194,2008-09-30 07:44:45+00:00,22206,200,True,business,0.00014338218850356758,0.9910738195126305
9651232,2007-10-24 11:44:31+00:00,127141,1188,False,none,0.0008209382522080557,0.9907425445534525
23949317,2009-03-12 13:51:29+00:00,30852,2541,False,none,0.00019920864990147108,0.9239062078878807
15348883,2008-07-08 01:56:27+00:00,164874,5069,False,none,0.0010645769137772314,0.9701723519062274
64643056,2009-08-11 06:12:45+00:00,3151974,677,True,business,0.020352018833934248,0.9997852600874629
23190207,2009-03-07 13:02:21+00:00,37589,1624,True,blue,0.00024270886623708012,0.9585851630836713
102420077,2010-01-06 16:54:47+00:00,83428,600,True,blue,0.000538687256708801,0.9928595230161374
459390022,2012-01-09 16:23:03+00:00,449731,438,False,none,0.0029038735034629354,0.9990270320701781
15438913,2008-07-15 10:17:46+00:00,2830052,2197,True,blue,0.018273396799914365,0.9992242913670373
17152053,2008-11-04 09:20:39+00:00,59002,4414,True,blue,0.00038097072350209375,0.9303961145452252
13753642,2008-02-21 03:11:27+00:00,63008,1712,False,none,0.0004068371130880296,0.9735475896168109
305134471,2011-05-25 18:09:54+00:00,3213,3202,False,none,2.0746058347381906e-05,0.5008573655494933
801629904,NaN,NaN,NaN,NaN,NaN,NaN,NaN
29242390,2009-04-06 17:07:18+00:00,25463,2096,False,none,0.0001644123509802009,0.9239449907471243
16931360,2008-10-23 17:43:13+00:00,41568,2044,False,none,0.0002684009191982481,0.953132165459048
2579312316,2014-06-20 22:08:50+00:00,2001,673,False,none,1.2920280968911047e-05,0.7483171278982798
6473022,2007-05-31 14:18:09+00:00,36990,2913,False,none,0.00023884117593204378,0.9269979700774378
2175876524,2013-11-05 11:18:27+00:00,29682,434,False,none,0.00019165406282819475,0.9855890556514809
973005421,2012-11-27 00:53:26+00:00,5265,1900,False,none,3.399564182974346e-05,0.7348220516399162
16973333,2008-10-26 00:00:29+00:00,3617417,457,True,business,0.023357343339188052,0.9998736827208465
459390022,2012-01-09 16:23:03+00:00,449731,438,False,none,0.0029038735034629354,0.9990270320701781
40641691,2009-05-17 10:50:08+00:00,10997,2125,False,none,7.100666157676901e-05,0.8380582228318854
25058787,2009-03-18 11:35:02+00:00,195201,1174,False,none,0.0012603956848637708,0.9940216422660726
16076032,2008-09-01 03:13:32+00:00,2063580,990,True,blue,0.013324354523650904,0.9995204812624421
2653613168,2014-07-17 12:26:23+00:00,108719,887,False,none,0.00070198901882011,0.9919073773333577
228480162,2010-12-19 21:07:28+00:00,124,188,False,none,8.006570915267215e-07,0.3974358974358974
19341389,2009-01-22 15:00:46+00:00,78803,1904,False,none,0.0005088240385772599,0.976408489969891
249108233,2011-02-08 11:29:44+00:00,5475,5036,False,none,3.535159335571613e-05,0.5208828845970888
154485832,2010-06-11 10:35:29+00:00,32528,2279,False,none,0.0002100304344611387,0.934524664578964
23583267,2009-03-10 11:56:35+00:00,37027,11128,True,blue,0.00023908008167709612,0.7689128854739903
5402612,2007-04-22 14:42:37+00:00,51700466,3,True,business,0.3338253607914206,0.9999999419734471
7587032,2007-07-19 14:42:53+00:00,8462237,25,True,business,0.05463991987282105,0.9999970457071643
221517172,2010-11-30 21:51:16+00:00,46599,2131,False,none,0.00030088564361333627,0.9562692386620152
64643056,2009-08-11 06:12:45+00:00,3151974,677,True,business,0.020352018833934248,0.9997852600874629
973005421,2012-11-27 00:53:26+00:00,5265,1900,False,none,3.399564182974346e-05,0.7348220516399162
25067168,2009-03-18 12:57:11+00:00,571326,25,False,business,0.003689001721561256,0.9999562440601312
64643056,2009-08-11 06:12:45+00:00,3151974,677,True,business,0.020352018833934248,0.9997852600874629
148653311,2010-05-27 07:38:05+00:00,235577,1716,True,blue,0.0015210999649241169,0.9927684339613895
128364810,2010-03-31 22:40:31+00:00,3024,100,False,none,1.95257019740065e-05,0.967989756722151
1125937411,2013-01-27 19:05:29+00:00,78612,76004,False,none,0.0005075907683798277,0.5084337972784188
20548283,2009-02-10 21:32:42+00:00,38299,1272,False,none,0.00024729327377727347,0.9678552475297566
868112707,2012-10-08 14:43:38+00:00,206197,372,False,none,0.0013313958895285114,0.9981991489526502
11345012,2007-12-19 18:50:48+00:00,23049,2749,False,none,0.00014882536534354358,0.8934413520427941
442653867,2011-12-21 09:56:49+00:00,97987,6306,False,none,0.0006326934389308779,0.9395357310653639
216299334,2010-11-16 09:37:44+00:00,8555682,2198,True,blue,0.05524328601731874,0.9997431606893296
36048614,2009-04-28 12:10:50+00:00,470264,7803,True,blue,0.0030364532781429207,0.9836780200264816
243318995,2011-01-26 19:56:43+00:00,299058,0,True,blue,0.0019309911974015991,1.0
18991263,NaN,NaN,NaN,NaN,NaN,NaN,NaN
14700117,2008-05-08 13:23:35+00:00,3193434,1599,True,government,0.020619722406633425,0.999499535685547
2097571,2007-03-24 10:48:14+00:00,14681247,368,True,business,0.09479552034681779,0.9999749346376403
18668407,2009-01-06 09:27:06+00:00,138573,3523,False,none,0.0008947536705171966,0.9752069023758586
2410816488,2014-03-25 10:54:55+00:00,41594,53,True,blue,0.00026856879891098756,0.9987273993324849
27457454,2009-03-29 16:53:41+00:00,169301,94657,True,blue,0.001093161663327141,0.6413937065745308
431969214,2011-12-08 22:01:46+00:00,61887,700,False,none,0.00039959891470414693,0.9888155687283302
194042592,2010-09-23 08:48:31+00:00,33295,1740,False,none,0.00021498288598695316,0.9503353789068075
14173315,2008-03-18 23:19:17+00:00,9438735,1346,True,business,0.06094508155476992,0.9998574164776765
239503657,2011-01-17 19:41:27+00:00,30860,29813,False,none,0.00019926030519769862,0.5086282201308655
17027378,2008-10-28 19:52:18+00:00,18653,5834,True,blue,0.00012044078006651562,0.7617511332543798
60296618,2009-07-26 12:40:25+00:00,4373,480,False,none,2.8236076300373817e-05,0.9010921079744488
558040899,2012-04-19 18:51:43+00:00,63059,1136,False,none,0.00040716641560148014,0.9823039177506037
49444292,2009-06-21 22:05:08+00:00,7112,2024,False,none,4.5921558346274546e-05,0.7784588441330998
501768982,2012-02-24 13:18:20+00:00,20982,2271,True,blue,0.00013547892818075542,0.9023351825570894
2772386567,NaN,NaN,NaN,NaN,NaN,NaN,NaN
1367531,2007-03-17 19:01:26+00:00,24212912,261,True,blue,0.15634064273639076,0.999989220743601
308167013,2011-05-30 23:12:30+00:00,13942,3604,False,none,9.002226750052864e-05,0.7945970591587826
15438913,2008-07-15 10:17:46+00:00,2830053,2197,True,blue,0.018273403256826394,0.9992242916409215
47685065,2009-06-16 17:34:17+00:00,169977,1823,True,blue,0.0010975265358583674,0.9893888242142026
55195680,2009-07-09 10:05:05+00:00,60300,1681,False,none,0.00038935179531501054,0.972878785434246
239885144,2011-01-18 17:14:13+00:00,307543,1505,True,blue,0.0019857780959629235,0.9951302063109938
38800236,2009-05-09 04:47:25+00:00,20421,623,False,none,0.00013185660053279983,0.9703953620984603
50348344,2009-06-24 16:12:26+00:00,48839,124,False,none,0.00031534912655704477,0.9974674754406389
70467062,NaN,NaN,NaN,NaN,NaN,NaN,NaN
18725815,2009-01-07 15:56:57+00:00,134633,3838,True,blue,0.0008693134371251379,0.9722830051057623
7587032,2007-07-19 14:42:53+00:00,8462237,25,True,business,0.05463991987282105,0.9999970457071643
136359464,2010-04-23 18:26:16+00:00,37466,3904,False,none,0.00024191466605758184,0.9056321005559584
299416026,NaN,NaN,NaN,NaN,NaN,NaN,NaN
50306637,2009-06-24 13:38:22+00:00,62551,520,False,none,0.00040388630429103194,0.9917553233657307
44425241,2009-06-03 18:49:42+00:00,401675,6524,True,blue,0.00259358013902416,0.9840175992591849
1851229334,NaN,NaN,NaN,NaN,NaN,NaN,NaN
154485832,2010-06-11 10:35:29+00:00,32528,2279,False,none,0.0002100304344611387,0.934524664578964
367709007,2011-09-04 12:40:06+00:00,62220,553,False,none,0.00040174906640961784,0.9911904799834323
23570520,2009-03-10 08:25:13+00:00,131593,1449,False,none,0.0008496844245586764,0.9891087025149953
174253648,2010-08-03 13:44:30+00:00,5062,2103,False,none,3.2684888687969873e-05,0.7064898813677599
807095,2007-03-02 20:41:42+00:00,55090408,876,False,none,0.35571391806693897,0.9999840991181109
374712154,NaN,NaN,NaN,NaN,NaN,NaN,NaN
130557513,2010-04-07 16:57:33+00:00,1373907,3970,True,blue,0.008871196634259705,0.9971187558831449
225235528,2010-12-11 02:06:01+00:00,604864,1106,False,none,0.00390555363717112,0.998174827136657
213326209,2010-11-08 16:40:09+00:00,11149,1405,False,none,7.198811220509209e-05,0.8880834793691254
568143078,2012-05-01 09:55:16+00:00,139654,3119,True,blue,0.0009017335924199417,0.9781541327842099
31135856,2009-04-14 14:40:00+00:00,108002,5441,False,none,0.0006973594128957176,0.9520375871583086
299378671,2011-05-16 00:15:47+00:00,355,157,False,none,2.2922037700966623e-06,0.693359375
16343974,2008-09-18 06:50:54+00:00,3394866,806,True,business,0.02192035111034641,0.9997626390299181
417419122,2011-11-20 22:30:58+00:00,86198,311,False,none,0.0005565729030275835,0.9964049983238739
239170356,2011-01-17 00:30:20+00:00,72360,2616,False,none,0.00046722215437801265,0.9651088348271447
21749564,2009-02-24 12:29:44+00:00,87738,2843,False,none,0.000566516547551383,0.9686137269405284
27571535,2009-03-30 03:07:16+00:00,21262,1262,False,none,0.00013728686354871897,0.9439708755105665
1707427058,2013-08-28 14:19:25+00:00,194347,4166,True,blue,0.0012548814819914819,0.9790139688584627
469509327,2012-01-20 17:35:08+00:00,152953,1706,True,blue,0.0009876040654861827,0.9889692808048675
15438913,2008-07-15 10:17:46+00:00,2830054,2197,True,blue,0.018273409713738423,0.9992242919148056
30886757,NaN,NaN,NaN,NaN,NaN,NaN,NaN
23052167,2009-03-06 10:50:29+00:00,56319,1508,False,none,0.0003636468285297857,0.9739222162657583
20639175,2009-02-11 23:20:57+00:00,25087,7032,False,none,0.00016198455205750697,0.7810641676266384
18725815,2009-01-07 15:56:57+00:00,134633,3838,True,blue,0.0008693134371251379,0.9722830051057623
428140124,2011-12-04 11:42:45+00:00,168431,816,True,blue,0.001087544149862397,0.9951786442300307
87818409,2009-11-05 23:49:19+00:00,10898510,1043,True,business,0.07037072031108782,0.9999043080023557
14700316,2008-05-08 13:42:20+00:00,5075877,20907,True,business,0.03277449125618855,0.9958980015633387
18725815,2009-01-07 15:56:57+00:00,134633,3838,True,blue,0.0008693134371251379,0.9722830051057623
21368060,2009-02-20 02:59:27+00:00,87217,3751,False,none,0.0005631524963845651,0.9587657198135608
106431823,2010-01-19 14:57:04+00:00,9423,598,False,none,6.08434820440024e-05,0.9403253168346473
109001491,2010-01-27 17:23:16+00:00,12063,3467,False,none,7.788972979908744e-05,0.7767546683837734
742143,2007-02-01 07:44:29+00:00,40323086,17,True,business,0.2603626190172731,0.9999995784054615
107210124,2010-01-21 21:25:26+00:00,35747,753,False,none,0.00023081523428069125,0.9793698630136987
180414031,2010-08-19 15:45:29+00:00,20064,3314,False,none,0.0001295514829386463,0.8582427923688938
20646711,2009-02-12 01:46:13+00:00,3707248,2374,True,government,0.023937374203614963,0.9993600426135062
48956231,NaN,NaN,NaN,NaN,NaN,NaN,NaN
2222123156,2013-11-29 22:44:29+00:00,19169,1096,False,none,0.00012377254667319133,0.9459166049839625
22369602,2009-03-01 15:09:27+00:00,104674,31860,False,none,0.0006758708096650649,0.7666515300218261
50295156,2009-06-24 12:49:53+00:00,55704,606,False,none,0.00035967582763229435,0.9892381459776238
2435652986,NaN,NaN,NaN,NaN,NaN,NaN,NaN
47448886,2009-06-15 21:24:25+00:00,297731,2560,False,none,0.0019224228751398575,0.9914749359787672
18725815,2009-01-07 15:56:57+00:00,134633,3838,True,blue,0.0008693134371251379,0.9722830051057623
428333,2007-01-02 01:48:14+00:00,63901183,122,True,blue,0.4126043171443289,0.9999980908058137
4970411,2007-04-17 08:23:08+00:00,8491003,241,True,business,0.05482565940423119,0.999971617821841
15557246,2008-07-23 07:25:05+00:00,38579,2834,False,none,0.00024910120914523704,0.9315673822229734
403576718,2011-11-02 18:00:24+00:00,51047,2334,False,none,0.0003296059883158432,0.9562765778085835
67725191,2009-08-21 21:33:26+00:00,30750,731,False,none,0.00019855004487457007,0.9767796448651568
634454063,2012-07-13 10:08:58+00:00,977,1421,False,none,6.3084030517871526e-06,0.40742285237698084
143145579,2010-05-12 18:23:04+00:00,243514,1341,False,none,0.0015723484756938555,0.9945232892936636
611585332,2012-06-18 10:42:30+00:00,97557,23156,False,none,0.0006299169667586482,0.8081731048022996
224682566,NaN,NaN,NaN,NaN,NaN,NaN,NaN
6361512,2007-05-27 13:00:00+00:00,43156,583,False,none,0.00027865449549941285,0.986670934406365
50221275,2009-06-24 05:08:56+00:00,908,474,False,none,5.862876121824703e-06,0.6570188133140377
15754281,2008-08-06 19:55:31+00:00,5016757,935,True,business,0.032392758617067106,0.9998136593477639
21282561,2009-02-19 08:01:41+00:00,42361,4851,False,none,0.00027352125043680203,0.8972506989748369
42467881,2009-05-25 19:21:39+00:00,9540,2264,False,none,6.159894075133003e-05,0.8082006099627245
265321840,2011-03-13 10:51:40+00:00,2407,1602,False,none,1.5541787252458216e-05,0.600399102020454
292777349,NaN,NaN,NaN,NaN,NaN,NaN,NaN
483930658,2012-02-05 15:03:37+00:00,35859,1077,False,none,0.0002315384084278767,0.9708414554905783
2736449935,NaN,NaN,NaN,NaN,NaN,NaN,NaN
125753608,2010-03-23 19:25:26+00:00,50085,229,False,none,0.00032339443894448266,0.9954485828993919
17672825,2008-11-27 08:01:19+00:00,128121,10817,False,none,0.0008272660259959282,0.922145129482215
18696855,2009-01-06 21:39:03+00:00,35050,1089,False,none,0.00022631476659686767,0.9698663493732532
464854839,2012-01-15 18:08:00+00:00,25613,2450,False,none,0.00016538088778446708,0.9126964330256921
16973333,2008-10-26 00:00:29+00:00,3617417,457,True,business,0.023357343339188052,0.9998736827208465
18650093,2009-01-05 22:54:04+00:00,251450,2214,False,business,0.0016235905295515656,0.9912719187586729
46017944,2009-06-10 02:45:03+00:00,70440,1641,False,none,0.00045482488328340534,0.9772339451450451
413157362,2011-11-15 15:07:29+00:00,4291,3414,False,none,2.770660951404163e-05,0.5569110966904608
63863854,NaN,NaN,NaN,NaN,NaN,NaN,NaN
17537467,2008-11-21 14:51:32+00:00,801851,3053,False,none,0.0051774813669176875,0.996207001083359
83795099,2009-10-20 07:56:40+00:00,1864033,984,True,government,0.012035897099111527,0.999472390868287
1878576403,NaN,NaN,NaN,NaN,NaN,NaN,NaN
168828976,2010-07-20 22:14:25+00:00,25075,2010,False,none,0.00016190706911316566,0.9257891822041721
788524,2007-02-22 12:32:47+00:00,3874837,1208,True,blue,0.025019481633549414,0.9996883421116112
7589572,2007-07-19 16:30:09+00:00,676059,216,False,none,0.004365253489035999,0.9996806033048686
7587032,2007-07-19 14:42:53+00:00,8462237,25,True,business,0.05463991987282105,0.9999970457071643
20098015,2009-02-04 21:47:34+00:00,519644,1593,False,none,0.003355295594107352,0.996943808670528
210951599,2010-11-01 21:52:49+00:00,29160,1577,False,none,0.0001882835547493484,0.9486937567101539
147994804,2010-05-25 15:26:33+00:00,364264,1517,True,blue,0.0023520206031281427,0.9958527096814761
64643056,2009-08-11 06:12:45+00:00,3151974,677,True,business,0.020352018833934248,0.9997852600874629
15754281,2008-08-06 19:55:31+00:00,5016758,935,True,business,0.03239276507397913,0.9998136593849006
130468394,2010-04-07 11:13:23+00:00,6669,417,False,none,4.306114631767505e-05,0.941151566469094
41542581,2009-05-21 06:34:15+00:00,4248,3045,False,none,2.7428962296818655e-05,0.5824763471822295
242314631,2011-01-24 13:57:19+00:00,11865,4131,False,none,7.661126121745606e-05,0.741747936984246
65045121,2009-08-12 14:09:35+00:00,1025733,6099,True,blue,0.0066230677456691825,0.9940891540483334
868112707,2012-10-08 14:43:38+00:00,206197,372,False,none,0.0013313958895285114,0.9981991489526502
759251,2007-02-09 00:35:02+00:00,61795269,1088,True,business,0.39900661570686596,0.9999823937841514
383685824,2011-10-02 09:55:11+00:00,117011,113152,False,none,0.0007555297333599453,0.5083831893049708
18725815,2009-01-07 15:56:57+00:00,134633,3838,True,blue,0.0008693134371251379,0.9722830051057623
46078438,2009-06-10 09:58:32+00:00,511618,786,False,none,0.0033034724181670826,0.9984660541291637
540628749,2012-03-30 05:09:31+00:00,63651,9701,False,none,0.0004109889075223174,0.8677473006870978
1934989190,2013-10-04 17:54:19+00:00,16207,209,False,none,0.00010464717324494819,0.9872685185185185
20052487,2009-02-04 13:29:10+00:00,65314,2108,False,none,0.0004217267522256153,0.9687342410489158
101022951,2010-01-01 17:48:55+00:00,6422,2442,False,none,4.1466289046650044e-05,0.7245036101083032
87818409,2009-11-05 23:49:19+00:00,10898510,1043,True,business,0.07037072031108782,0.9999043080023557
25235151,2009-03-19 04:09:43+00:00,390364,3150,True,blue,0.0025205460070704608,0.9919952022037335
607082634,2012-06-13 08:05:33+00:00,28901,32,False,none,0.0001866112145339821,0.9988939964746137
315163250,NaN,NaN,NaN,NaN,NaN,NaN,NaN
431969214,2011-12-08 22:01:46+00:00,61887,700,False,none,0.00039959891470414693,0.9888155687283302
18696855,2009-01-06 21:39:03+00:00,35050,1089,False,none,0.00022631476659686767,0.9698663493732532
99786592,2009-12-27 21:28:19+00:00,21664,2010,False,none,0.0001398825421841524,0.9150967305905212
122557484,2010-03-13 03:39:25+00:00,27069,3499,False,none,0.00017478215169787763,0.8855338916514002
18650093,2009-01-05 22:54:04+00:00,251450,2214,False,business,0.0016235905295515656,0.9912719187586729
18021754,2008-12-10 15:44:03+00:00,29196,6428,False,none,0.00018851600358237228,0.8195598472939591
12716032,2008-01-26 11:50:50+00:00,77591,1373,False,none,0.0005009982611987892,0.9826123296692163
607082634,2012-06-13 08:05:33+00:00,28901,32,False,none,0.0001866112145339821,0.9988939964746137
64643056,2009-08-11 06:12:45+00:00,3151974,677,True,business,0.020352018833934248,0.9997852600874629
19530437,2009-01-26 11:56:25+00:00,31630,1163,True,blue,0.0002042321274595984,0.9645351142012015
532779460,2012-03-22 03:07:00+00:00,108650,269,False,none,0.0007015434918901475,0.9975302747913587
19341389,2009-01-22 15:00:46+00:00,78803,1904,False,none,0.0005088240385772599,0.976408489969891
152646096,2010-06-06 14:15:45+00:00,2543,437,False,none,1.6419927288326233e-05,0.8533557046979866
51440872,2009-06-27 13:43:19+00:00,25861,10,False,none,0.00016698220196752054,0.9996134668161262
87818409,2009-11-05 23:49:19+00:00,10898510,1043,True,business,0.07037072031108782,0.9999043080023557
76388579,NaN,NaN,NaN,NaN,NaN,NaN,NaN
27457454,2009-03-29 16:53:41+00:00,169301,94657,True,blue,0.001093161663327141,0.6413937065745308
19348870,2009-01-22 17:19:06+00:00,27899,10417,False,none,0.0001801413886814839,0.7281292410481262
17537467,2008-11-21 14:51:32+00:00,801851,3053,False,none,0.0051774813669176875,0.996207001083359
25067168,2009-03-18 12:57:11+00:00,571326,25,False,business,0.003689001721561256,0.9999562440601312
246860689,2011-02-03 16:27:30+00:00,56316,1214,False,none,0.0003636274577937004,0.9788979662784634
788524,2007-02-22 12:32:47+00:00,3874837,1208,True,blue,0.025019481633549414,0.9996883421116112
520011678,2012-03-10 02:16:54+00:00,7801,0,False,none,5.0370370733870605e-05,1.0
607082634,2012-06-13 08:05:33+00:00,28901,32,False,none,0.0001866112145339821,0.9988939964746137
7587032,2007-07-19 14:42:53+00:00,8462237,25,True,business,0.05463991987282105,0.9999970457071643
150400398,2010-05-31 21:04:49+00:00,26402,866,False,government,0.00017047539137490726,0.9682411618013789
157009365,2010-06-18 15:40:40+00:00,77903,1649,False,none,0.0005030128177516628,0.9792714199517297
153029181,2010-06-07 14:10:21+00:00,42535,5256,False,none,0.00027464475312975083,0.8900211336862589
18725815,2009-01-07 15:56:57+00:00,134633,3838,True,blue,0.0008693134371251379,0.9722830051057623
299416026,NaN,NaN,NaN,NaN,NaN,NaN,NaN
19906615,2009-02-02 13:37:55+00:00,223303,475,False,business,0.0014418478266870283,0.9978773605984502
17383707,2008-11-14 08:02:58+00:00,33413,4763,False,none,0.00021574480160630924,0.8752357502095558
14173315,2008-03-18 23:19:17+00:00,9438737,1346,True,business,0.060945094468593974,0.9998574165078845
20748745,2009-02-13 04:51:52+00:00,86511,1251,False,none,0.0005585939164924856,0.9857455390715799
479793246,2012-01-31 19:36:37+00:00,3853,2965,False,none,2.4878482045584338e-05,0.5651217365796422
16012783,2008-08-27 15:24:02+00:00,1364288,1030,True,business,0.008809087597458128,0.9992455969964507
856010760,2012-10-01 08:01:16+00:00,533560,1601,True,blue,0.0034451499818951414,0.997008376918348
48705816,2009-06-19 13:32:39+00:00,13983,1979,False,none,9.028700089369474e-05,0.876018042851773
236488883,NaN,NaN,NaN,NaN,NaN,NaN,NaN
14138785,2008-03-13 11:27:48+00:00,755270,199,False,none,0.0048767119477208624,0.9997365874708294
1068121346,2013-01-07 11:49:41+00:00,166678,1751,False,business,0.0010762251830765395,0.9896039280646445
19814041,2009-01-31 12:49:34+00:00,27902,4806,False,none,0.00018016075941756923,0.8530634707105296
3108351,2007-04-01 06:22:13+00:00,20587351,1094,True,business,0.13293071430564307,0.9999468633983771
788524,2007-02-22 12:32:47+00:00,3874837,1208,True,blue,0.025019481633549414,0.9996883421116112
2597413135,2014-07-01 04:35:40+00:00,2901151,0,True,blue,0.018732476788224515,1.0
47942585,2009-06-17 12:23:18+00:00,34745,764,True,blue,0.00022434540842819308,0.9784843279168661
17995040,2008-12-09 16:40:22+00:00,6241109,365,True,blue,0.04029829177291327,0.9999415202242291
244181007,NaN,NaN,NaN,NaN,NaN,NaN,NaN
17175213,2008-11-05 00:59:16+00:00,184390,1792,False,none,0.001190590008924292,0.9903750093994049
5402612,2007-04-22 14:42:37+00:00,51700466,3,True,business,0.3338253607914206,0.9999999419734471
617854798,2012-06-25 06:49:24+00:00,28642,2311,False,none,0.0001849388743186158,0.9253384163085969
87818409,2009-11-05 23:49:19+00:00,10898510,1043,True,business,0.07037072031108782,0.9999043080023557
338335964,2011-07-19 12:39:38+00:00,65122,2317,False,none,0.00042048702511615453,0.9656430255490147
254873869,2011-02-20 05:27:22+00:00,237391,3477,False,none,0.0015328128033437094,0.9855647076406995
793879086,2012-08-31 13:35:40+00:00,61099,2627,False,none,0.00039451086802573515,0.9587766374792078
33464913,2009-04-20 08:55:10+00:00,210799,696,True,blue,0.0013611105986833982,0.996709142060096
19150955,2009-01-18 17:35:44+00:00,15173,2610,False,none,9.797072620753989e-05,0.8532306135072822
16973333,2008-10-26 00:00:29+00:00,3617417,457,True,business,0.023357343339188052,0.9998736827208465
635608354,2012-07-14 19:35:48+00:00,239456,2102,True,blue,0.0015461463266824406,0.9912981561364145
89185283,2009-11-11 13:33:49+00:00,51327,2087,False,none,0.00033141392368380676,0.9609278466319692
480079436,2012-02-01 03:12:27+00:00,245,310,False,none,1.5819434469681192e-06,0.44144144144144143
22662704,NaN,NaN,NaN,NaN,NaN,NaN,NaN
280346532,NaN,NaN,NaN,NaN,NaN,NaN,NaN
164397041,NaN,NaN,NaN,NaN,NaN,NaN,NaN
3108351,2007-04-01 06:22:13+00:00,20587351,1094,True,business,0.13293071430564307,0.9999468633983771
76135109,2009-09-21 20:34:39+00:00,320,509,False,none,2.066211849101217e-06,0.38600723763570566
7874982,2007-08-01 08:40:17+00:00,12368,995,False,none,7.985908796776203e-05,0.9255406720047893
2758691533,NaN,NaN,NaN,NaN,NaN,NaN,NaN
157449860,2010-06-19 21:23:04+00:00,2705,829,False,none,1.7465947036933723e-05,0.7654216185625353
46078438,2009-06-10 09:58:32+00:00,511618,786,False,none,0.0033034724181670826,0.9984660541291637
358127438,2011-08-19 12:30:57+00:00,70774,17925,True,blue,0.00045698149190090474,0.7979120395945839
20136892,2009-02-05 10:47:17+00:00,457816,914,False,none,0.0029560776372128837,0.9980075425631635
33388399,2009-04-20 02:30:59+00:00,98143,532,False,none,0.0006337007172073148,0.9946085634659235
228871317,2010-12-20 22:31:52+00:00,1719,1186,False,none,1.10994317768906e-05,0.5917383820998279
16973333,2008-10-26 00:00:29+00:00,3617417,457,True,business,0.023357343339188052,0.9998736827208465
10102272,NaN,NaN,NaN,NaN,NaN,NaN,NaN
17537467,2008-11-21 14:51:32+00:00,801851,3053,False,none,0.0051774813669176875,0.996207001083359
2270640056,2013-12-31 17:36:15+00:00,3344,507,False,none,2.1591913823107717e-05,0.8683458841859257
36311109,NaN,NaN,NaN,NaN,NaN,NaN,NaN
2097571,2007-03-24 10:48:14+00:00,14681249,368,True,business,0.09479553326064184,0.9999749346410549
19391273,2009-01-23 12:00:13+00:00,27868,901,False,none,0.00017994122440860222,0.9686815669644409
47624589,2009-06-16 13:36:07+00:00,37003,774,False,none,0.00023892511578841352,0.9795113428805887
1769646126,2013-09-07 19:35:43+00:00,47812,5583,False,none,0.0003087178779038356,0.8954396479071074
136359464,2010-04-23 18:26:16+00:00,37466,3904,False,none,0.00024191466605758184,0.9056321005559584
1562935142,2013-07-02 11:26:40+00:00,236144,15283,False,business,0.001524761034044243,0.9392149610025972
17152053,2008-11-04 09:20:39+00:00,59002,4414,True,blue,0.00038097072350209375,0.9303961145452252
283969754,2011-04-18 11:10:33+00:00,18402,1485,False,none,0.00011882009514737685,0.9253281037863931
108884788,2010-01-27 09:11:44+00:00,7488,7543,False,none,4.834935726896847e-05,0.49817044774133457
28839148,2009-04-04 18:05:37+00:00,1239,475,False,none,8.000114003238774e-06,0.7228704784130688
1367531,2007-03-17 19:01:26+00:00,24212912,261,True,blue,0.15634064273639076,0.999989220743601
335177549,2011-07-14 08:21:22+00:00,41706,33466,False,none,0.000269291973058173,0.5548076411429788
16567644,2008-10-02 22:03:05+00:00,2140,4154,False,none,1.3817791740864388e-05,0.3400063552589768
313675516,2011-06-09 01:29:52+00:00,9037,1775,False,none,5.835111400102405e-05,0.8358305586385497
352036858,2011-08-10 02:04:24+00:00,3165,2171,False,none,2.0436126570016724e-05,0.5931409295352323
1994321,2007-03-23 09:40:48+00:00,4184048,455,True,business,0.027016029858775777,0.999891265462111
114479860,NaN,NaN,NaN,NaN,NaN,NaN,NaN
46078438,2009-06-10 09:58:32+00:00,511618,786,False,none,0.0033034724181670826,0.9984660541291637
459390022,2012-01-09 16:23:03+00:00,449732,438,False,none,0.002903879960374964,0.9990270342315125
117366399,2010-02-25 10:15:49+00:00,292980,2669,True,blue,0.001891746086092733,0.9909724030860919
24157295,2009-03-13 11:23:53+00:00,10634,4499,False,none,6.866280251044482e-05,0.7027027027027027
122195535,NaN,NaN,NaN,NaN,NaN,NaN,NaN
607946179,2012-06-14 08:12:37+00:00,57290,17441,False,none,0.00036991649010940225,0.7666162636656809
47707475,2009-06-16 18:51:04+00:00,44095,1267,False,none,0.00028471753589411926,0.9720691327542877
47624589,2009-06-16 13:36:07+00:00,37003,774,False,none,0.00023892511578841352,0.9795113428805887
340441440,2011-07-22 18:12:39+00:00,68629,844,False,none,0.0004431314155998982,0.9878513955061679
29465136,2009-04-07 15:03:06+00:00,170376,2959,False,business,0.0011001028437577153,0.9829290102979779
239964092,2011-01-18 21:09:39+00:00,19389,2313,False,none,0.00012519306731944842,0.89341996129389
16589206,2008-10-04 06:41:05+00:00,5593383,7301,True,blue,0.0361159819723791,0.9986964092243019
759251,2007-02-09 00:35:02+00:00,61795272,1088,True,business,0.39900663507760203,0.9999823937850061
17537467,2008-11-21 14:51:32+00:00,801851,3053,False,none,0.0051774813669176875,0.996207001083359
31135856,2009-04-14 14:40:00+00:00,108002,5441,False,none,0.0006973594128957176,0.9520375871583086
246758084,2011-02-03 12:08:37+00:00,6255,118,False,none,4.038798473790035e-05,0.9814843872587479
152478151,2010-06-06 02:24:16+00:00,111245,663,False,none,0.0007182991786039527,0.9940754905815491
19062754,2009-01-16 11:27:33+00:00,39659,1068,True,blue,0.0002560746741359536,0.9737766101112284
2097571,2007-03-24 10:48:14+00:00,14681249,368,True,business,0.09479553326064184,0.9999749346410549
14260960,2008-03-30 21:04:14+00:00,6520727,913,True,government,0.042103760600481974,0.9998600045387357
49592004,2009-06-22 10:28:10+00:00,79166,25203,True,blue,0.0005111678976435842,0.7585202502658835
37675954,NaN,NaN,NaN,NaN,NaN,NaN,NaN
2286056016,2014-01-11 04:03:58+00:00,51998,663,False,none,0.00033574651165489087,0.987410037788876
1704140293,2013-08-27 08:33:33+00:00,5759,697,False,none,3.718535637179346e-05,0.8920384138785625
164397041,NaN,NaN,NaN,NaN,NaN,NaN,NaN
87818409,2009-11-05 23:49:19+00:00,10898510,1043,True,business,0.07037072031108782,0.9999043080023557
48322782,2009-06-18 11:41:15+00:00,37587,4378,False,none,0.00024269595241302325,0.8956749672346003
87416722,2009-11-04 11:25:45+00:00,4973512,3,True,blue,0.03211352945639716,0.9999993968048754
36093269,2009-04-28 15:28:13+00:00,486,2336,False,none,3.138059245822473e-06,0.17221828490432317
16077204,2008-09-01 04:10:37+00:00,16351,793,False,none,0.00010557696857704374,0.9537447503499766
366819502,NaN,NaN,NaN,NaN,NaN,NaN,NaN
39599748,2009-05-12 21:23:52+00:00,1550,16,False,none,1.000821364408402e-05,0.9897828863346104
17537467,2008-11-21 14:51:32+00:00,801851,3053,False,none,0.0051774813669176875,0.996207001083359
1008392934,2012-12-13 09:28:46+00:00,9393,702,False,none,6.064977468314916e-05,0.9304606240713225
27987687,2009-03-31 23:01:38+00:00,301059,1422,False,business,0.00194391147837051,0.9952988782766521
20891396,2009-02-15 03:59:26+00:00,66665,2990,True,blue,0.00043045004037603945,0.9570741511736415
151432737,2010-06-03 11:51:25+00:00,198015,1385,True,blue,0.0012785654353118046,0.9930541624874624
15438913,2008-07-15 10:17:46+00:00,2830054,2197,True,blue,0.018273409713738423,0.9992242919148056
47624589,2009-06-16 13:36:07+00:00,37003,774,False,none,0.00023892511578841352,0.9795113428805887
1877831,2007-03-22 13:59:49+00:00,2267937,801,True,blue,0.014643869695047083,0.999646940281337
56961858,2009-07-15 08:12:23+00:00,81979,40,True,blue,0.0005293311911795896,0.9995123081237274
87012901,2009-11-02 19:49:17+00:00,471,808,False,none,3.0412055653958536e-06,0.36825645035183735
16012783,2008-08-27 15:24:02+00:00,1364288,1030,True,business,0.008809087597458128,0.9992455969964507
868112707,2012-10-08 14:43:38+00:00,206197,372,False,none,0.0013313958895285114,0.9981991489526502
16164636,2008-09-07 02:34:26+00:00,27922,2986,False,none,0.00018028989765813807,0.9033907079073379
56961858,2009-07-15 08:12:23+00:00,81979,40,True,blue,0.0005293311911795896,0.9995123081237274
56961858,2009-07-15 08:12:23+00:00,81979,40,True,blue,0.0005293311911795896,0.9995123081237274
807095,2007-03-02 20:41:42+00:00,55090411,876,False,none,0.35571393743767504,0.9999840991189768
759251,2007-02-09 00:35:02+00:00,61795273,1088,True,business,0.3990066415345141,0.999982393785291
134758540,2010-04-19 10:50:15+00:00,14712581,305,True,blue,0.09499784122831698,0.9999792698726817
868112707,2012-10-08 14:43:38+00:00,206197,372,False,none,0.0013313958895285114,0.9981991489526502
385867551,2011-10-06 08:29:23+00:00,29114,0,False,none,0.00018798653679604009,1.0
47624589,2009-06-16 13:36:07+00:00,37003,774,False,none,0.00023892511578841352,0.9795113428805887
1020058453,2012-12-18 15:46:37+00:00,1384409,4737,True,blue,0.008939007124382396,0.9965899912608178
323188665,2011-06-24 12:11:33+00:00,594,364,False,none,3.835405744894134e-06,0.6200417536534447
1562935142,2013-07-02 11:26:40+00:00,236144,15283,False,business,0.001524761034044243,0.9392149610025972
29979814,2009-04-09 13:09:12+00:00,360643,4447,False,none,0.0023286401246731567,0.9878194417814785
15438913,2008-07-15 10:17:46+00:00,2830054,2197,True,blue,0.018273409713738423,0.9992242919148056
2467791,2007-03-27 11:19:39+00:00,20044293,1706,True,business,0.1294242365733018,0.999914895735553
16973333,2008-10-26 00:00:29+00:00,3617418,457,True,business,0.02335734979610008,0.9998736827557613
17316885,2008-11-11 19:19:31+00:00,29635,32495,False,none,0.000191350587962858,0.4769837437630774
227568015,NaN,NaN,NaN,NaN,NaN,NaN,NaN
164397041,NaN,NaN,NaN,NaN,NaN,NaN,NaN
243094509,2011-01-26 08:34:46+00:00,215,436,False,none,1.38823608611488e-06,0.3302611367127496
98250867,2009-12-21 01:34:53+00:00,159581,366,False,none,0.0010304004784106916,0.9977117420145423
2097571,2007-03-24 10:48:14+00:00,14681249,368,True,business,0.09479553326064184,0.9999749346410549
201669414,2010-10-12 11:00:57+00:00,196629,808,False,none,0.0012696161552403849,0.9959075553214443
1769646126,2013-09-07 19:35:43+00:00,47812,5583,False,none,0.0003087178779038356,0.8954396479071074
147994804,2010-05-25 15:26:33+00:00,364264,1517,True,blue,0.0023520206031281427,0.9958527096814761
419520517,2011-11-23 13:08:11+00:00,619901,1509,True,blue,0.004002646223342792,0.9975716515665985
320418413,2011-06-19 21:45:02+00:00,791,507,False,none,5.1074174144970706e-06,0.6093990755007704
1664343276,2013-08-12 06:56:09+00:00,13737,413,False,none,8.869860053469818e-05,0.9708127208480566
110396781,2010-02-01 11:53:42+00:00,1242182,344,False,business,0.008020659897313275,0.9997231446263499
168376502,2010-07-19 04:49:48+00:00,26182,4255,False,none,0.00016905487072865018,0.8602030423497716
61451642,2009-07-30 10:21:26+00:00,10609,6387,False,none,6.850137970973378e-05,0.6242056954577547
2423362904,NaN,NaN,NaN,NaN,NaN,NaN,NaN
7702542,2007-07-25 03:30:38+00:00,1295076,3963,True,blue,0.008362191802145648,0.9969492832778692
142696824,2010-05-11 14:23:19+00:00,48499,1394,False,none,0.00031315377646737476,0.9720602088469324
25545470,2009-03-20 18:03:08+00:00,19898,1802,False,none,0.00012847963554192505,0.9169585253456222
99333040,NaN,NaN,NaN,NaN,NaN,NaN,NaN
45564482,2009-06-08 13:30:34+00:00,1764590,1062,True,business,0.01139380239626724,0.9993985224721519
18213483,2008-12-18 11:54:20+00:00,2128141,3760,True,business,0.013741219221119103,0.9982363158514397
23963789,2009-03-12 15:08:45+00:00,7653,2948,False,none,4.941474775366129e-05,0.7219130270729176
38162820,2009-05-06 11:59:37+00:00,120576,2000,False,none,0.0007785486247413385,0.9836835922203367
2461887810,2014-04-24 16:23:55+00:00,105346,450,False,none,0.0006802098545481775,0.9957465310597754
14138785,2008-03-13 11:27:48+00:00,755270,199,False,none,0.0048767119477208624,0.9997365874708294
17782313,NaN,NaN,NaN,NaN,NaN,NaN,NaN
16343974,2008-09-18 06:50:54+00:00,3394866,806,True,business,0.02192035111034641,0.9997626390299181
16305558,2008-09-16 02:14:10+00:00,15137,2521,False,none,9.7738277374516e-05,0.8572318495865896
29979814,2009-04-09 13:09:12+00:00,360643,4447,False,none,0.0023286401246731567,0.9878194417814785
283217942,2011-04-16 20:53:34+00:00,12297,674,True,blue,7.94006472137427e-05,0.9480379307686377
186688764,NaN,NaN,NaN,NaN,NaN,NaN,NaN
98627870,2009-12-22 12:55:25+00:00,78898,30770,True,blue,0.0005094374452199619,0.71942590363643
607082634,2012-06-13 08:05:33+00:00,28901,32,False,none,0.0001866112145339821,0.9988939964746137
311849071,2011-06-06 04:58:30+00:00,8205,4069,False,none,5.297896319336089e-05,0.6684862310575199
2402254161,2014-03-11 13:39:49+00:00,37439,180,True,blue,0.00024174032943281393,0.9952151838166884
786764,2007-02-21 17:36:40+00:00,549324,744,False,business,0.0035469367431114904,0.9986474399528785
14293310,2008-04-03 13:54:30+00:00,19357256,512,True,business,0.12498809910401758,0.9999735506696846
351120282,2011-08-08 20:30:19+00:00,187946,5904,True,blue,0.0012135507880974292,0.9695434614392572
453030125,2012-01-02 14:13:02+00:00,304143,637,False,government,0.001963824595066223,0.9979099678456592
140149359,2010-05-04 18:40:46+00:00,58003,2333,False,none,0.0003745202683856809,0.9613332007425086
62241187,2009-08-02 10:55:37+00:00,616046,5067,True,blue,0.003977754827473151,0.9918420641654578
362144301,2011-08-25 22:45:47+00:00,287762,1048,False,none,0.001858053919128326,0.9963713167826599
28197830,NaN,NaN,NaN,NaN,NaN,NaN,NaN
15486071,2008-07-18 20:37:45+00:00,813,604,False,none,5.249469479122779e-06,0.5737473535638673
250603308,2011-02-11 12:31:22+00:00,39781,5907,False,none,0.00025686241740342347,0.8707100332691298
270016438,2011-03-21 21:16:15+00:00,53594,4354,False,none,0.0003460517432522832,0.9248636708773383
19915842,2009-02-02 16:51:28+00:00,21328,3426,False,none,0.0001377130197425961,0.8615981255554658
7702542,2007-07-25 03:30:38+00:00,1295076,3963,True,blue,0.008362191802145648,0.9969492832778692
13496142,2008-02-15 00:05:10+00:00,323915,29,False,none,0.0020914906596925646,0.9999104783542835
18424289,2008-12-28 08:02:32+00:00,2168333,168,True,business,0.014000735429366215,0.9999225271281867
351120282,2011-08-08 20:30:19+00:00,187946,5904,True,blue,0.0012135507880974292,0.9695434614392572
345588852,2011-07-30 21:08:19+00:00,67515,15,False,none,0.00043593841560021453,0.9997778764993336
99333040,NaN,NaN,NaN,NaN,NaN,NaN,NaN
28443608,2009-04-02 23:10:40+00:00,7345,608,False,none,4.742601884890137e-05,0.9235508613101974
16671007,2008-10-09 18:50:23+00:00,139060,4983,True,blue,0.0008978981866750475,0.9654061634373069
1652541,2007-03-20 17:46:05+00:00,25726586,1235,True,business,0.16611430259412963,0.9999519974894104
380648579,2011-09-27 00:35:10+00:00,2443201,632,True,blue,0.015775533924799818,0.9997413898576539
1851229334,NaN,NaN,NaN,NaN,NaN,NaN,NaN
14588748,2008-04-29 18:43:10+00:00,66571,9858,True,blue,0.00042984309064536595,0.8710175456960054
372502604,2011-09-12 22:03:14+00:00,32281,262,False,none,0.0002084355771901137,0.9919491134806256
786764,2007-02-21 17:36:40+00:00,549324,744,False,business,0.0035469367431114904,0.9986474399528785
147580943,NaN,NaN,NaN,NaN,NaN,NaN,NaN
16973333,2008-10-26 00:00:29+00:00,3617418,457,True,business,0.02335734979610008,0.9998736827557613
20222791,NaN,NaN,NaN,NaN,NaN,NaN,NaN
148653311,2010-05-27 07:38:05+00:00,235577,1716,True,blue,0.0015210999649241169,0.9927684339613895
490339438,2012-02-12 13:20:07+00:00,12319,8019,False,none,7.954269927836841e-05,0.6057134428164028
47624589,2009-06-16 13:36:07+00:00,37003,774,False,none,0.00023892511578841352,0.9795113428805887
14401607,2008-04-15 21:56:19+00:00,62392,996,False,none,0.00040285965527850977,0.9842872467975011
171953871,2010-07-28 15:31:18+00:00,16151,2276,False,none,0.00010428558617135548,0.8764855917946491
3108351,2007-04-01 06:22:13+00:00,20587351,1094,True,business,0.13293071430564307,0.9999468633983771
219345607,2010-11-24 16:18:49+00:00,26006,2260,False,none,0.00016791845421164453,0.9200452840868888
171953871,2010-07-28 15:31:18+00:00,16151,2276,False,none,0.00010428558617135548,0.8764855917946491
17525171,2008-11-20 23:02:29+00:00,2923484,222390,True,business,0.018876679004555693,0.9293074039201824
171953871,2010-07-28 15:31:18+00:00,16151,2276,False,none,0.00010428558617135548,0.8764855917946491
9487272,2007-10-16 22:11:39+00:00,5349,3014,True,blue,3.453802244013253e-05,0.639603013272749
115378178,2010-02-18 13:26:43+00:00,18246,2952,False,none,0.00011781281687094,0.8607415793942825
16343974,2008-09-18 06:50:54+00:00,3394866,806,True,business,0.02192035111034641,0.9997626390299181
19706851,2009-01-29 11:33:54+00:00,290366,624,True,business,0.0018748677180503873,0.9978555964122479
5402612,2007-04-22 14:42:37+00:00,51700468,3,True,business,0.3338253737052447,0.9999999419734493
304029732,2011-05-23 20:23:49+00:00,613,112,False,none,3.958087073434519e-06,0.8455172413793104
48743186,2009-06-19 16:00:12+00:00,61305,20292,False,none,0.00039584099190359404,0.7513143865583294
2188165862,2013-11-11 11:02:04+00:00,1508,1133,False,none,9.737023338889484e-06,0.5709958349110186
77528520,2009-09-26 17:37:32+00:00,73240,25320,True,blue,0.000472904236963041,0.7431006493506493
271413771,2011-03-24 13:20:16+00:00,198402,2139,False,none,0.0012810642602668113,0.9893338519305279
167848621,2010-07-17 17:39:09+00:00,14353,1652,False,none,9.267605834421803e-05,0.8967822555451421
19533817,2009-01-26 13:33:13+00:00,58342,1125,False,none,0.0003767091615633225,0.9810819446079339
171953871,2010-07-28 15:31:18+00:00,16151,2276,False,none,0.00010428558617135548,0.8764855917946491
32677883,2009-04-18 00:12:54+00:00,693,512,False,none,4.474640035709823e-06,0.575103734439834
49595583,2009-06-22 10:49:35+00:00,3508,2999,False,none,2.265084739577209e-05,0.5391117258337176
351120282,2011-08-08 20:30:19+00:00,187947,5904,True,blue,0.0012135572450094575,0.9695436185523933
268662889,2011-03-19 06:32:11+00:00,23715,81,False,none,0.00015312566875448549,0.9965960665658093
283632721,2011-04-17 17:53:39+00:00,53852,291,False,none,0.000347717626555621,0.9946253439964539
138787319,2010-04-30 15:54:29+00:00,47530,651,False,none,0.00030689702871181514,0.9864884498038646
21866939,2009-02-25 13:51:23+00:00,2631149,1562,True,business,0.016989097626721305,0.9994066952278469
7587032,2007-07-19 14:42:53+00:00,8462239,25,True,business,0.0546399327866451,0.9999970457078626
7744592,2007-07-26 19:56:22+00:00,4134642,7586,True,business,0.026697019663098606,0.9981686184343305
67973271,2009-08-22 20:17:57+00:00,447672,157,False,none,0.002890578721596375,0.9996494197562016
949254890,2012-11-15 07:40:07+00:00,19126,13,False,none,0.00012349489945596835,0.9993207586603271
1231224926,2013-03-01 20:05:55+00:00,32296,1790,False,none,0.00020853243087054033,0.9474857712843983
20848139,2009-02-14 14:00:27+00:00,8064,2740,False,none,5.206853859735067e-05,0.7463902258422807
7587032,2007-07-19 14:42:53+00:00,8462238,25,True,business,0.05463992632973307,0.9999970457075135
351120282,2011-08-08 20:30:19+00:00,187947,5904,True,blue,0.0012135572450094575,0.9695436185523933
20891396,2009-02-15 03:59:26+00:00,66665,2990,True,blue,0.00043045004037603945,0.9570741511736415
282670739,2011-04-15 17:27:50+00:00,11567,688,True,blue,7.468710143298054e-05,0.9438596491228071
16343974,2008-09-18 06:50:54+00:00,3394867,806,True,business,0.02192035756725844,0.9997626390998191
296894515,NaN,NaN,NaN,NaN,NaN,NaN,NaN
147994804,2010-05-25 15:26:33+00:00,364264,1517,True,blue,0.0023520206031281427,0.9958527096814761
1408003598,2013-05-06 15:23:16+00:00,420179,726,True,business,0.002713058839198438,0.9982751452227937
37034483,2009-05-01 20:34:48+00:00,17833968,14,True,business,0.11515236249403728,0.9999992149818252
22021978,2009-02-26 15:39:06+00:00,82346,1782,False,none,0.0005317008778940275,0.9788179916317992
226344539,2010-12-13 23:16:28+00:00,14906,317,False,none,9.624673069594606e-05,0.9791762464691585
226344539,2010-12-13 23:16:28+00:00,14906,317,False,none,9.624673069594606e-05,0.9791762464691585
42371615,2009-05-25 07:59:13+00:00,137688,2295,False,none,0.0008890393033720261,0.983605152054178
12858902,2008-01-30 02:59:16+00:00,38325,453,True,government,0.00024746115349001294,0.9883181185208108
17995040,2008-12-09 16:40:22+00:00,6241123,365,True,blue,0.04029838216968167,0.9999415203554024
30313925,2009-04-10 21:10:30+00:00,11773769,226,True,government,0.07602219067618933,0.9999808051557691
16311797,2008-09-16 15:19:44+00:00,148556,267,False,business,0.0009592130232971262,0.998205922471661
44317593,2009-06-03 07:53:43+00:00,96983,5109,False,none,0.0006262106992543228,0.9499569016181484
742143,2007-02-01 07:44:29+00:00,40323091,17,True,business,0.2603626513018332,0.9999995784055138
15438913,2008-07-15 10:17:46+00:00,2830054,2197,True,blue,0.018273409713738423,0.9992242919148056
25106021,2009-03-18 16:55:53+00:00,348647,2240,False,none,0.002251183007979975,0.9936161784278129
14138785,2008-03-13 11:27:48+00:00,755270,199,False,none,0.0048767119477208624,0.9997365874708294
192369449,2010-09-18 23:28:43+00:00,3820,984,False,none,2.4665403948645775e-05,0.7951706910907577
1367531,2007-03-17 19:01:26+00:00,24212915,261,True,blue,0.15634066210712685,0.9999892207449366
44148621,2009-06-02 16:19:27+00:00,1297,662,True,blue,8.37461490088837e-06,0.6620724859622257
1148102359,2013-02-04 14:03:56+00:00,43082,356,True,blue,0.0002781766840093082,0.991804410884479
295431169,2011-05-09 01:01:02+00:00,55253,2572,False,none,0.0003567637603074673,0.9555209684392564
22800916,2009-03-04 17:10:13+00:00,57955,2033,False,none,0.0003742103366083157,0.9661098886443955
175553686,2010-08-06 23:02:50+00:00,23772,2713,False,none,0.00015349371274010664,0.8975646592410799
171953871,2010-07-28 15:31:18+00:00,16151,2276,False,none,0.00010428558617135548,0.8764855917946491
759251,2007-02-09 00:35:02+00:00,61795275,1088,True,business,0.3990066544483381,0.9999823937858608
245784511,2011-02-01 13:27:24+00:00,221670,51629,False,none,0.0014313036893445837,0.8110896856556372
184536237,2010-08-29 20:44:07+00:00,1155,329,True,blue,7.457733392849705e-06,0.7783018867924528
2190056023,2013-11-12 10:17:10+00:00,64917,2046,False,none,0.0004191633581503241,0.9694458133596165
168376502,2010-07-19 04:49:48+00:00,26182,4255,False,none,0.00016905487072865018,0.8602030423497716
1844224638,2013-09-09 11:25:10+00:00,208365,669,False,none,0.001345394474806172,0.9967995637073395
16343974,2008-09-18 06:50:54+00:00,3394867,806,True,business,0.02192035756725844,0.9997626390998191
15164565,2008-06-19 01:08:29+00:00,1672789,731,True,business,0.010801051415144298,0.9995631961374827
25291723,2009-03-19 13:28:38+00:00,2347,2956,True,blue,1.5154372530751738e-05,0.44257967188383934
28673549,2009-04-03 22:39:34+00:00,63538,343,False,none,0.0004102592764631035,0.9946306413487579
14095052,2008-03-07 14:13:20+00:00,279617,2690,False,business,0.0018054623706566717,0.9904713662785549
10313752,2007-11-16 19:58:23+00:00,669,518,False,none,4.319674147027232e-06,0.5636057287278854
625739552,2012-07-03 17:42:17+00:00,71842,73,True,blue,0.0004638774739472801,0.9989849127442119
420314328,2011-11-24 13:20:10+00:00,17092,584,False,none,0.00011036154039011874,0.9669608508712378
1695784514,2013-08-24 07:04:14+00:00,24553,1602,True,blue,0.00015853656103431932,0.9387497610399541
271413771,2011-03-24 13:20:16+00:00,198402,2139,False,none,0.0012810642602668113,0.9893338519305279
952112047,NaN,NaN,NaN,NaN,NaN,NaN,NaN
18725815,2009-01-07 15:56:57+00:00,134633,3838,True,blue,0.0008693134371251379,0.9722830051057623
788524,2007-02-22 12:32:47+00:00,3874838,1208,True,blue,0.02501948809046144,0.9996883421920173
7589572,2007-07-19 16:30:09+00:00,676059,216,False,none,0.004365253489035999,0.9996806033048686
103849564,2010-01-11 13:12:51+00:00,199089,1748,True,blue,0.0012855001588303505,0.9912964244636198
16153562,2008-09-06 04:05:26+00:00,4124356,5879,True,business,0.02663060386597406,0.998576594310009
130184065,2010-04-06 15:29:02+00:00,29891,3102,False,none,0.000193003557442139,0.9059800563755949
182593031,2010-08-24 23:34:48+00:00,22573,234,False,none,0.00014575187521800553,0.9897399921076863
